Product,Brand,Reviews,Stars,Loves,Price,Category ,Type,CleanSephora,Parabens,Ingredients,Sephora
Creme de la Mer,La Mer,394,4.1,50000,175,Moisturizer,Moisturizer,No,Yes,https://bit.ly/2Ux1CTr,https://seph.me/2G9lOaK
Protini Polypeptide Cream,Drunk Elephant,1000,4.4,90000,68,Moisturizer,Moisturizer,Yes,No,https://bit.ly/2C2bVb1,https://seph.me/2E1qWeV
Cicapair Tiger Grass Color Correcting Treatment SPF 30,DR. JART+,1000,4.2,50000,52,SPF,Physical,No ,No,https://bit.ly/2C1qtYi,https://seph.me/2zaoHmW
Double-Duty Face Moisturizer Broad Spectrum SPF 20,JACK BLACK,345,4.5,10000,28,SPF,Chemical,No,No,https://bit.ly/2L9Mebs,https://seph.me/2L4w1T8
The Eye Concentrate,La Mer,92,3.6,10000,215,Eye Cream,Eye Cream,No,Yes,https://bit.ly/2LeKOwn,https://seph.me/2PCeiZG
C-Tango Multivitamin Eye Cream,Drunk Elephant,319,3.9,40000,64,Eye Cream,Eye Cream,Yes,No,https://bit.ly/2LeKOwn,https://seph.me/2z3rb5j
Facial Treatment Mask (10pc),SK-II,322,4.4,30000,135,Mask,Sheet,No,Yes,https://bit.ly/2EoKMBu,https://seph.me/2EohXFg
T.L.C. Sukari Babyfacial,Drunk Elephant,1000,4.4,150000,80,Mask,Regular,No,No,https://bit.ly/2LeKOwn,https://seph.me/2Bcc4H6
Facial Treatment Essence,SK-II,727,4.1,60000,179,Treatments,Serum,No,Yes,https://bit.ly/2LeKOwn,https://seph.me/2QBVav4
C-Firma Day Serum,Drunk Elephant,1000,4,100000,80,Treatments,Peel,No,No,https://bit.ly/2B9D4Hl,https://seph.me/2OohtA4
Tonique Confort Re-Hydrating Comforting Toner with Acacia Honey,LANCOME,1000,4.6,20000,26,Toner/Essence,Toner ,No,Yes,https://bit.ly/2LeKOwn, https://seph.me/2Eq5TDv
Rose Deep Hydration Facial Toner,FRESH,635,4.2,90000,44,Toner/Essence,Essence,No,No,https://bit.ly/2LeKOwn,https://seph.me/2ByZm4o
T.L.C. Framboos Glycolic Night Serum,Drunk Elephant,1000,4.3,120000,90,Exfoliator,Chemical,Yes,No,https://bit.ly/2LeKOwn,https://seph.me/2md8mpg
The Rice Polish Foaming Enzyme Powder,TATCHA,1000,4.4,40000,65,Exfoliator,Physical,Yes,No,https://bit.ly/2LeKOwn,https://seph.me/2C9pNA4
Soy Face Cleanser,FRESH,6000,4.4,140000,38,Cleanser,Water,No,No ,https://bit.ly/2LeKOwn,https://seph.me/2nVQDDU
Green Clean Makeup Meltaway Cleansing Balm with Echinacea GreenEnvy,FARMACY,1000,4.6,80000,34,Cleanser,Oil,Yes,No,https://bit.ly/2LeKOwn,https://seph.me/2lNSUD0
The Water Cream,TATCHA,1000,4.2,120000,68,Moisturizer,Moisturizer,Yes,No,https://bit.ly/2LeKOwn,https://seph.me/2Bm5CAO
Lala Retro Whipped Cream,Drunk Elephant,1000,4.2,80000,60,Moisturizer,Moisturizer,Yes,No,https://bit.ly/2LeKOwn,https://seph.me/2N9rlgF
Luna Sleeping Night Oil,Sunday Riley,1000,4.1,100000,105,Moisturizer,Moisturizer,No,No,https://bit.ly/2LeKOwn,https://seph.me/2wlPUAr
Virgin Marula Luxury Facial Oil,Drunk Elephant,878,4.4,90000,72,Moisturizer,Moisturizer,Yes,No,https://bit.ly/2LeKOwn,https://seph.me/2SH3Iyo
Lotus Youth Preserve Moisturizer,FRESH,2000,4.3,110000,45,Moisturizer,Moisturizer,No,No,https://bit.ly/2LeKOwn,https://seph.me/2PtxEkb
The True Cream Aqua Bomb,BELIF,2000,4.5,120000,38,Moisturizer,Moisturizer,No,No,https://bit.ly/2LeKOwn,https://seph.me/2O75Ixz
Ultra Facial Cream,Kiehl's Since 1851,671,4.4,50000,29.5,Moisturizer,Moisturizer,No,Yes,https://bit.ly/2LeKOwn,https://seph.me/2vytCds
Ultra Repair Cream Intense Hydration,First Aid Beauty,6000,4.6,130000,30,Moisturizer,Moisturizer,No,No,https://bit.ly/2LeKOwn,https://seph.me/2LXbdl6
The Moisturizing Soft Cream,La Mer,147,3.9,10000,175,Moisturizer,Moisturizer,No,No,https://bit.ly/2LeKOwn,https://seph.me/2G5HIM2
Rose Deep Hydration Moisturizer,FRESH,778,4.4,60000,40,Moisturizer,Moisturizer,No,No,https://bit.ly/2LeKOwn,https://seph.me/2G7LqVm
Moisture Surge 72-Hour Auto-Replenishing Hydrator,CLINIQUE,564,4.4,40000,39,Moisturizer,Moisturizer,No,No,https://bit.ly/2LeKOwn,https://seph.me/2O9RQ5N
Pep-Start HydroBlur Moisturizer,CLINQUE,533,3.7,10000,29.5,Moisturizer,Moisturizer,No,No,https://bit.ly/2LeKOwn,https://seph.me/2Edtoyy
Dramatically Different Moisturizing Lotion+,CLINIQUE,1000,3.9,60000,28,Moisturizer,Moisturizer,No,No,https://bit.ly/2LeKOwn,https://seph.me/2PuOYAw
Unicorn Essence Antioxidant Primer Serum,FARSALI,1000,3.9,120000,54,Moisturizer,Moisturizer,No,No,https://bit.ly/2LeKOwn,https://seph.me/2PVyGSh
Charlotte's Magic Cream,Charlotte Tilbury,451,4.4,7327,100,Moisturizer,Moisturizer,No,No,https://bit.ly/2LeKOwn,https://seph.me/2F973o4
The True Cream Aqua Bomb,BELIF,1000,4.6,60000,38,Moisturizer,Moisturizer,No,No,https://bit.ly/2LeKOwn,https://seph.me/2wOqSdx
100 Percent Pure Argan Oil,JOSIE MARAN,7000,4.5,110000,48,Moisturizer,Moisturizer,Yes,No,https://bit.ly/2LeKOwn,https://seph.me/2Q6BGzo
GLOWSTARTER Mega Illuminating Moisturizer,GLAMGLOW,1000,4,50000,49,Moisturizer,Moisturizer,No,No,https://bit.ly/2LeKOwn,https://seph.me/2UEziP8
Urban Environment Oil-Free UV Protector Broad Spectrum Face Sunscreen SPF 42,SHISEIDO,950,4.5,50000,34,SPF,Chemical,No,No,https://bit.ly/2LeKOwn,https://seph.me/2oB2Azg
Silken Pore Perfecting Sunscreen Broad Spectrum SPF 35 PA+++,TATCHA,259,4.5,30000,65,SPF,Physical,Yes,No,https://bit.ly/2LeKOwn,https://seph.me/2CfWrNd
Unseen Sunscreen Broad Spectrum SPF 40,SUPERGOOP!,394,4.5,30000,32,SPF,Chemical,No,No,https://bit.ly/2LeKOwn,https://seph.me/2QDppz4
Benefiance WrinkleResist24 Day Cream Broad Spectrum SPF 18,SHISEIDO,127,4.4,8140,60,SPF,Chemical,No,No,https://bit.ly/2LeKOwn,https://seph.me/2B8Q28c
Super Fluid Daily UV Defense Sunscreen Broad Spectrum SPF 50+,Kiehl's Since 1851,21,4.3,5327,61,SPF,Chemical,No,No,https://bit.ly/2LeKOwn,https://seph.me/2Sz6PIo
Ultimate Sun Protection Lotion WetForce Broad Spectrum Sunscreen SPF 50+,SHISEIDO,62,3.7,6280,40,SPF,Chemical,No,No,https://bit.ly/2LeKOwn,https://seph.me/2QkVuPA
Everyday Sunscreen Broad Spectrum SPF 50,SUPERGOOP!,332,4.3,20000,19,SPF,Chemical,Yes,No,https://bit.ly/2LeKOwn,https://seph.me/2BzKUgy
Argan Daily Moisturizer SPF 47,JOSIE MARAN,1000,3.9,30000,32,SPF,Physical,Yes,No,https://bit.ly/2LeKOwn,https://seph.me/2KhQIfG
The Broad Spectrum SPF 50 UV Protecting Fluid,La Mer,31,4.7,5206,95,SPF,Chemical,No,No,https://bit.ly/2LeKOwn,https://seph.me/2PPbngb
Truth Revealed Brightening Broad Spectrum SPF 15 Moisturizer,OLEHENRIKSEN,391,4.2,10000,55,SPF,Chemical,No,No,https://bit.ly/2LeKOwn,https://seph.me/2SZ78gW
Oil-Control Mattifier SPF 15 PA++,MURAD,2000,4.2,30000,40,SPF,Chemical,No,No,https://bit.ly/2LeKOwn,https://seph.me/2SCxHYb
Umbra Sheer Physical Daily Defense Broad Spectrum Sunscreen SPF 30,Drunk Elephant,304,3.4,10000,34,SPF,Physical,Yes,No,https://bit.ly/2LeKOwn,https://seph.me/2AqsoUr
Essential-C Day Moisture Broad Spectrum SPF 30 PA+++,MURAD,363,4,10000,63,SPF,Chemical,No,No,https://bit.ly/2LeKOwn,https://seph.me/2wopRZA
Day-Light Protection Sun Screen SPF 50 PA+++,NEOGEN DERMALOGY,254,4.6,10000,30,SPF,Physical,No,No,https://bit.ly/2LeKOwn,https://seph.me/2Ux7trI
BIENFAIT UV SPF 50+ Super Fluid Facial Sunscreen,LANCOME,390,4.4,10000,40,SPF,Chemical,No,No,https://bit.ly/2LeKOwn,https://seph.me/2K4Pfck
City Skin Age Defense Broad Spectrum SPF 50 PA++++,MURAD,108,4.6,8449,65,SPF,Physical,No,No,https://bit.ly/2LeKOwn,https://seph.me/2yU6BEo
Invisiblur Perfecting Shield Broad Spectrum SPF 30 PA+++,MURAD,607,3.9,20000,65,SPF,Chemical,No,No,https://bit.ly/2LeKOwn,https://seph.me/2L9ijjs
Avocado Melt Sleeping Mask,GLOW RECIPE,92,4.7,20000,45,Mask,Regular,No,No ,https://bit.ly/2LeKOwn,https://seph.me/2RsBbfR
SUPERMUD Activated Charcoal Treatment,GLAMGLOW,4000,4.2,220000,59,Mask,Regular,No,No,https://bit.ly/2LeKOwn,https://seph.me/2Autt0t
Honey Potion Renewing Antioxidant Hydration Mask with Echinacea GreenEnvy,FARMACY,686,4.3,50000,56,Mask,Regular,Yes,No,https://bit.ly/2LeKOwn,https://seph.me/2NY8atJ
Jet Lag Mask,SUMMER FRIDAYS ,790,4.1,60000,48,Mask,Regular,Yes,No,https://bit.ly/2LeKOwn,https://seph.me/2BLwKae
Luminizing Black Charcoal Mask,BOSCIA,5000,3.9,140000,34,Mask,Regular,Yes,No,https://bit.ly/2LeKOwn,https://seph.me/2LRJJJg
Watermelon Glow Sleeping Mask,GLOW RECIPE,1000,4.1,150000,45,Mask,Regular,No,No,https://bit.ly/2LeKOwn,https://seph.me/2MMw2Rr
Water Sleeping Mask,LANEIGE,1000,4.4,80000,25,Mask,Regular,No,No,https://bit.ly/2LeKOwn,https://seph.me/2PwnEqD
Luminizing Pink Charcoal Mask,BOSCIA,165,3.4,30000,34,Mask,Regular,Yes,No,https://bit.ly/2LeKOwn,https://seph.me/2Er8ixq
Blue Tansy AHA BHA Resurfacing Clarity Mask,HERBIVORE,964,4.5,60000,48,Mask,Regular,Yes,No,https://bit.ly/2LeKOwn,https://seph.me/2Er8ixq
Rose Face Mask,FRESH,1000,4.2,90000,62,Mask,Regular,No,No,https://bit.ly/2LeKOwn,https://seph.me/2B6BYMv
Australian Pink Clay Porefining Face Mask,SAND & SKY,60,4.6,10000,49,Mask,Regular,Yes,No,https://bit.ly/2LeKOwn,https://seph.me/2PbQEi4
Face Mask,SEPHORA COLLECTION,,4.3,110000,6,Mask,Sheet,No,No ,https://bit.ly/2LeKOwn,https://seph.me/2G6U9aj
THIRSTYMUD Hydrating Treatment,GLAMGLOW,1000,4.3,90000,59,Mask,Regular,No,No,https://bit.ly/2LeKOwn,https://seph.me/2RMLA60
Black Tea Firming Overnight Mask,FRESH,341,4.1,30000,92,Mask,Regular,No,No,https://bit.ly/2LeKOwn,https://seph.me/2Dp2aoq
Rare Earth Deep Pore Cleansing Masque,Kiehl's Since 1851,149,4.7,30000,33,Mask,Regular,No,No ,https://bit.ly/2LeKOwn,https://seph.me/2rxArKI
Overtime Mask ,SUMMER FRIDAYS ,128,4.5,20000,44,Mask,Regular,Yes,No,https://bit.ly/2LeKOwn,https://seph.me/2EbUuGp
Sheet Masks ,Dr. JART+,221,4.2,40000,9,Mask,Sheet,No,No,https://bit.ly/2LeKOwn,https://seph.me/2UA1N0h
GRAVITYMUD Firming Treatment,GLAMGLOW,699,4,60000,59,Mask,Regular,No,No ,https://bit.ly/2LeKOwn,https://seph.me/2Pyiqpd
Truth Serum,OLEHENRIKSEN,4000,4.3,140000,48,Treatments,Serum,No,No,https://bit.ly/2RSS7wa,https://seph.me/2PiDuAA
Good Genes All-In-One Lactic Acid Treatment,Sunday Riley,2000,4.3,140000,158,Treatments,Serum,No,No,https://bit.ly/2EcdVyR,https://seph.me/2BWma2p
Alpha Beta Extra Strength Daily Peel,DR. DENNIS GROSS SKINCARE,2000,4.6,80000,88,Treatments,Serum,No,No,https://bit.ly/2RTU6jU,https://seph.me/2ohLs1i
Advanced Night Repair Synchronized Recovery Complex II,Estee Lauder,494,4.3,60000,98,Treatments,Serum,No,No,https://bit.ly/2Ed40ZP,https://seph.me/2wsMewg
Advanced Genifique Youth Activating Serum,LANCOME,1000,4.5,30000,105,Treatments,Serum,No,No,https://bit.ly/2C4Dgcz,https://seph.me/2G9HDa4
Clearly Corrective Dark Spot Solution,Kiehl's Since 1851,82,3.5,20000,50,Treatments,Serum,No,No,https://bit.ly/2BaF3Lj,https://seph.me/2NhdoNL
Rise & Glow Duo,Drunk Elephant,455,4.4,100000,23,Treatments,Serum,Yes,No,https://bit.ly/2LeKOwn,https://seph.me/2MwyZ3x
Midnight Recovery Concentrate,kiehl's Since 1851,414,4.2,50000,47,Treatments,Serum,No,No,https://bit.ly/2UxC6xk,https://seph.me/2RCQHpK
B-Hydra Intensive Hydration Serum,Drunk Elephant,831,4.2,50000,52,Treatments,Serum,Yes,No,https://bit.ly/2RQdONd,https://seph.me/2CZxIT1
Midnight Secret Late Night Recovery Treatment,GUERLAIN,26,3.9,10000,29.5,Treatments,Serum,No,No,https://bit.ly/2RUDsAw,https://seph.me/2PS6CPJ
Unicorn Essence Antioxidant Primer Serum,FARSALI,1000,4.1,120000,54,Treatments,Serum,No,No,https://bit.ly/2Ge7vlj,https://seph.me/2PVyGSh
Double Serum Complete Age Control Concentrate,CLARINS,383,4.1,10000,89,Treatments,Serum,No,No,https://bit.ly/2QoZ37s,https://seph.me/2C71z9T
Skintune Blur Perfecting Primer Serum,FARSALI,202,4.3,30000,54,Treatments,Serum,No,No,https://bit.ly/2GopZzR,https://seph.me/2SFapAU
Acne Healing Dots,PEACE OUT,956,4.3,50000,19,Treatments,Other,No,No,https://bit.ly/2LeKOwn,https://seph.me/2zWWO0O
Ultimune Power Infusing Concentrate,SHISEIDO,323,4.5,8245,100,Treatments,Serum,No,No,https://bit.ly/2LeKOwn,https://seph.me/2N8EghV
Alpha Beta Universal Daily Peel,DR. DENNIS GROSS SKINCARE,899,4.5,40000,88,Treatments,Serum,No,No,https://bit.ly/2rwgbsX,https://seph.me/2C5aXL3
C.E.O. Rapid Flash Brightening Serum,Sunday Riley,335,3.9,20000,85,Treatments,Serum,No,No,https://bit.ly/2EseFAR,https://seph.me/2NvY976
Vinopure Natural Salicylic Acid Pore Minimizing Serum,CAUDALIE,167,4.4,20000,49,Treatments,Serum,Yes,No,https://bit.ly/2Py1S0O,https://seph.me/2MMNBfe
Beauty Elixir,CAUDALIE,2000,4.3,70000,18,Toner/Essence,Toner ,No,No ,https://bit.ly/2LeKOwn,https://seph.me/2qZj7OE
Eudermine Revitalizing Essence,SHISEIDO,250,4.5,20000,57,Toner/Essence,Essence,No ,No,https://bit.ly/2LeKOwn,https://seph.me/2RUjKFd
Facial Treatment Clear Lotion Toner,SK-II,149,4.1,10000,76,Toner/Essence,Toner ,No,Yes,https://bit.ly/2LeKOwn,https://seph.me/2yQolAv
Calendula Herbal Extract Alcohol Free Toner,Kiehl's Since 1851,66,4.3,10000,35,Toner/Essence,Toner ,No,No,https://bit.ly/2LeKOwn,https://seph.me/2xYsBxn
Balancing Force Oil Control Toner,OlEHENRIKSEN,945,4.4,30000,26,Toner/Essence,Toner ,No,No,https://bit.ly/2LeKOwn,https://seph.me/2PxfUzD
Rose Floral Toner,FRESH,741,4.1,50000,40,Toner/Essence,Toner ,No,No,https://bit.ly/2LeKOwn,https://seph.me/2RNIpLA
Beauty Water,Son & Park ,601,4.6,30000,30,Toner/Essence,Toner ,No,No,https://bit.ly/2LeKOwn,https://seph.me/2xGTtC1
Micro Essence Skin Activating Treatment Lotion,Estee Lauder,54,4.4,10000,100,Toner/Essence,Essence,No,No,https://bit.ly/2LeKOwn,https://seph.me/2QOTnmH
Ultra Facial Toner,Kiehl's Since 1851,48,4.5,9899,16,Toner/Essence,Toner ,No,No,https://bit.ly/2LeKOwn,https://seph.me/2QMrRpJ
Moisturizing Toner,CAUDALIE,421,4.4,20000,28,Toner/Essence,Toner ,Yes,No,https://bit.ly/2LeKOwn,https://seph.me/2C6DXlo
Ceramidin Liquid,Dr. JART+,383,4.5,5365,39,Toner/Essence,Toner ,No,No,https://bit.ly/2LeKOwn,https://seph.me/2R19Ql2
Queen of Hungary Mist,OMOROVICZA,81,4.4,10000,90,Toner/Essence,Toner ,Yes,No,https://bit.ly/2LeKOwn,https://seph.me/2Ge2Vnf
Ready Steady Glow Daily AHA Tonic,REN CLEAN SKINCARE,220,4.4,10000,35,Toner/Essence,Toner ,Yes,No,https://bit.ly/2LeKOwn,https://seph.me/2zSNICw
Matcha Toner,MILK MAKEUP,204,3.7,20000,26,Toner/Essence,Toner ,No,No,https://bit.ly/2LeKOwn,https://seph.me/2GdHRxc
Witch Hazel Herbal Extract Toner,BELIF,168,4.6,10000,28,Toner/Essence,Toner ,No,No,https://bit.ly/2LeKOwn,https://seph.me/2QM7DMT
Jasmine Green Tea Balancing Toner,HERBIVORE,161,4.1,20000,39,Toner/Essence,Toner ,Yes,No,https://bit.ly/2LeKOwn,https://seph.me/2SO6Qsr
Vinopure Natural Salicylic Acid Pore Minimizing Toner,CAUDALIE,71,3.8,10000,28,Toner/Essence,Toner ,Yes,No,https://bit.ly/2LeKOwn,https://seph.me/2QPLxJr
Treatment Toner,AMOREPACIFIC,148,4.4,10000,50,Toner/Essence,Toner ,No,No,https://bit.ly/2LeKOwn,https://seph.me/2GeSzU2
The Method: Polish,LANCER,457,4.6,10000,75,Exfoliator,Physical,No,No,https://bit.ly/2LeKOwn,https://seph.me/2zUZ3St
ExfoliKate Intensive Exfoliating Treatment,KATE SOMERVILLE,2000,4.4,50000,24,Exfoliator,Physical,No,No,https://bit.ly/2LeKOwn,https://seph.me/2TKUfr2
Sugar Face Polish Exfoliator,FRESH,872,4.6,50000,62,Exfoliator,Physical,No,No,https://bit.ly/2LeKOwn,https://seph.me/2QG8VZY
microdermabrasion age defying exfoliator,Dr. Brandt Skincare,1000,4.7,30000,79,Exfoliator,Physical,No,No,https://bit.ly/2LeKOwn,https://seph.me/2PvwpMN
Treatment Enzyme Peel,AMOREPACIFIC,1000,4.7,30000,60,Exfoliator,Physical,No,No,https://bit.ly/2LeKOwn,https://seph.me/2BbLGgD
Transforming Walnut Scrub,OLEHENRIKSEN,1000,4.7,30000,28,Exfoliator,Physical,No,No,https://bit.ly/2LeKOwn,https://seph.me/2Nal1sD
Squalane + Glycolic Renewal Facial,BIOSSANCE,34,4.8,9137,68,Exfoliator,Chemical,Yes,No,https://bit.ly/2LeKOwn,https://seph.me/2LdIohx
Exfoliating Peel Gel,BOSCIA,1000,4.1,30000,34,Exfoliator,Both,Yes,No,https://bit.ly/2LeKOwn,https://seph.me/2vcsWLL
Exfoliating Scrub,CLINIQUE,1000,4.7,20000,22.5,Exfoliator,Physical,No,No,https://bit.ly/2LeKOwn,https://seph.me/2QQ4Y4O
Epidermal Re-Texturizing Micro-Dermabrasion,kiehl's Since 1851,14,5,4594,41,Exfoliator,Physical,No,No,https://bit.ly/2LeKOwn,https://seph.me/2PyBrYX
Deep Cleansing Exfoliator,CAUDALIE,118,4.6,9938,35,Exfoliator,Physical,Yes,No,https://bit.ly/2LeKOwn,https://seph.me/2SKcz2m
FAB Skin Lab Resurfacing Liquid 10% AHA,FIRST AID BEAUTY,100,4.5,10000,55,Exfoliator,Chemical,No,No,https://bit.ly/2LeKOwn,https://seph.me/2QoLWTP
T.L.C. Framboos Glycolic Night Serum,Drunk Elephant,1000,4.3,120000,90,Exfoliator,Physical,Yes,No,https://bit.ly/2LeKOwn,https://seph.me/2DHL2vR
T.L.C. Sukari Babyfacial,Drunk Elephant,1000,4.4,150000,80,Exfoliator,Physical,Yes,No,https://bit.ly/2LeKOwn,https://seph.me/2x6OSrM
Flawless Skin Face Polish,Laura Mercier,761,4.7,10000,32,Exfoliator,Physical,No,No,https://bit.ly/2LeKOwn,https://seph.me/2UE1127
Turmeric Brightening Polish,VOLITION BEAUTY,202,4.6,10000,38,Exfoliator,Physical,Yes,No,https://bit.ly/2LeKOwn,https://seph.me/2rxYEAP
Umbrian Clay Pore Purifying Face Exfoliator,FRESH,126,4.7,10000,33,Exfoliator,Physical,No,No,https://bit.ly/2LeKOwn,https://seph.me/2EgprJo
The Method: Polish Blemish Control,LANCER,17,4.7,4529,75,Exfoliator,Physical,No,No,https://bit.ly/2LeKOwn,https://seph.me/2rwtKsF
Purity Made Simple Cleanser,PHILOSOPHY,11000,4.5,150000,24,Cleanser,Water,No,Yes,https://bit.ly/2LeKOwn,https://seph.me/2SiRRY0
The Deep Cleanse Exfoliating Cleanser,TATCHA,617,4.4,40000,38,Cleanser,Water,No,No,https://bit.ly/2LeKOwn,https://seph.me/2MACmuZ
Pure One Step Camellia Oil Cleanser,TATCHA,1000,4.5,60000,48,Cleanser,Oil,Yes,No,https://bit.ly/2LeKOwn,https://seph.me/2DGrZQX
Take The Day Off Cleansing Balm,CLINIQUE,2000,4.6,110000,29.5,Cleanser,Oil ,No,No,https://bit.ly/2LeKOwn,https://seph.me/2NTYwrZ
Checks and Balances Frothy Face Wash,Origins,2000,4.3,60000,23.5,Cleanser,Water,Yes,No,https://bit.ly/2LeKOwn,https://seph.me/2zVxqbK
Face Cleanser,FIRST AID BEAUTY,3000,4.4,60000,20,Cleanser,Water,No,No,https://bit.ly/2LeKOwn,https://seph.me/2pM6UMA
Facial Treatment Cleanser,SK-II,76,4.3,6903,75,Cleanser,Water,No,Yes,https://bit.ly/2LeKOwn,https://seph.me/2rAEN3L
Beste No.9 Jelly Cleanser,Drunk Elephant,278,4.1,10000,34,Cleanser,Water,No,No ,https://bit.ly/2LeKOwn,https://seph.me/2IyI0sv
The Cleansing Foam,La Mer,48,4.2,9008,95,Cleanser,Water,No,No,https://bit.ly/2LeKOwn,https://seph.me/2Ca2zd9
MakeUp-BreakUp Cool Cleansing Oil,BOSCIA,2000,4.5,70000,32,Cleanser,Oil,Yes,No,https://bit.ly/2LeKOwn,https://seph.me/2BMC8fA
Cleanser,EVE LOM,355,4.3,20000,80,Cleanser,Oil,No,No,https://bit.ly/2LeKOwn,https://seph.me/2UCXcKO
Superfood Antioxidant Cleanser,Youth to the People,630,4.4,30000,36,Cleanser,Water,Yes,No,https://bit.ly/2LeKOwn,https://seph.me/2MWQ1Np
ExfoliKate Cleanser Daily Foaming Wash,KATE SOMERVILLE,565,4.5,30000,38,Cleanser,Water,No,No,https://bit.ly/2LeKOwn,https://seph.me/2NT0tWA
Purifying Cleansing Gel,BOSCIA,1000,4.5,30000,28,Cleanser,Water,Yes,No,https://bit.ly/2LeKOwn,https://seph.me/2EifYRO
Clarifying Cleanser,MURAD,2000,4.3,30000,30,Cleanser,Water,No,No,https://bit.ly/2LeKOwn,https://seph.me/2o4Gmp8
Detoxifying Black Charcoal Cleanser,BOSCIA,2000,4.3,80000,30,Cleanser,Water,Yes,No ,https://bit.ly/2LeKOwn,https://seph.me/2OFof5c
Baby Pekee Bar & Juju Bar Travel Duo,Drunk Elephant,356,4.5,30000,18,Cleanser,Water,Yes,No,https://bit.ly/2LeKOwn,https://seph.me/2rwFhrP
Greek Yoghurt Foaming Cream Cleanser,KORRES,897,4.6,30000,26,Cleanser,Water,Yes,No,https://bit.ly/2LeKOwn,https://seph.me/2EeCcEt